Name	Class	rt.sd	rt
Unknown 10	Unknown	0.0049	10.488
Unknown 11	Unknown	0.005	11.428
Unknown 8	Unknown	0.0038	13.246
Unknown 9	Unknown	0.0032	13.317
Unknown 3	Unknown	0.0033	13.965
Unknown 2	Unknown	0.0026	15.323
Unknown 4	Unknown	0.0042	17.073
Unknown 7	Unknown	0.005	17.181
Unknown 6	Unknown	0.0034	17.878
Unknown 5	Unknown	0.0032	19.047
Unknown 1	Unknown	0.0046	19.499
